update_timestamp,ingest_timestamp,id,name,age,home,hobby
2025-05-21 20:01:31.700179,2025-05-21 20:01:31.699372,124.0,kirat,21.0,delhi,posing
2025-05-21 20:01:31.700179,2025-05-21 20:01:31.699372,126.0,taran,25.0,northyork,painting
2025-05-21 20:01:31.700179,2025-05-21 20:01:31.699372,204.0,simi,25.0,brampton,dancing
2025-05-21 20:01:31.700179,2025-05-21 20:01:31.699372,1101.0,lin,36.0,ajax,swiming
2025-05-21 20:01:31.700179,2025-05-21 20:01:31.699372,1111.0,test,23.0,test,test
2025-05-21 20:01:31.700179,2025-05-21 20:01:31.699372,1223.0,tavleen,27.0,brampton,running
2025-05-21 20:01:31.700179,2025-05-21 20:01:31.699372,2222.0,test,23.0,test,test
2025-05-21 20:01:31.700179,2025-05-21 20:01:31.699372,2243.0,jasmine,28.0,brampton,laughing
2025-05-21 20:01:31.700179,2025-05-21 20:01:31.699372,3333.0,test,23.0,test,test
2025-05-21 20:01:31.700179,2025-05-21 20:01:31.699372,3535.0,kishu,30.0,georgetown,cooking
2025-05-21 20:01:31.700179,2025-05-21 20:01:31.699372,4444.0,test,23.0,test,update
2025-05-21 20:01:31.700179,2025-05-21 20:01:31.699372,5214.0,deepy,35.0,ajax,coding
